Order_ID,Name,Gender,Product_Id,Price
1111,Aiden Powell,Male,1,406
1112,Lou Garcia,Male,2,866
1113,Melissa Armstrong,Female,3,718
1114,Taylor Graham,Female,4,376
1115,Rosie Jimenez,Female,5,163
1116,Somerton O'Sullivan,Male,1,581
1117,Geralt Cook,Male,2,151
1118,Josie Young,Female,3,553
1119,Deiniol Nelson,Male,4,574
1120,Terran Black,Male,5,120
1121,Tanya Kelley,Male,1,164
1122,Aiden Richards,Female,2,437
1123,Scarlet Simpson,Female,3,136
1124,Syeda Thompson,Female,4,510
1125,Carden Kelley,Male,5,293
1126,Eoin Miller,Male,1,501
1127,Ever Blaese,Male,2,506
1128,Violet Bailey,Female,3,237
1129,Amanda Ford,Female,4,113
1130,Freya Stone,Female,5,419