Record_ID,Order_ID,Name,Gender,Product_Id,Price
1,1111,Aiden Powell,Male,1,406
2,1112,Lou Garcia,Male,2,866
3,1113,Melissa Armstrong,Female,3,718
4,1114,Taylor Graham,Female,4,376
5,1115,Rosie Jimenez,Female,5,163
6,1116,Somerton O'Sullivan,Male,1,406
7,1117,Geralt Cook,Male,2,866
8,1118,Josie Young,Female,3,718
9,1119,Deiniol Nelson,Male,4,376
10,1120,Terran Black,Male,5,163
11,1121,Tanya Kelley,Male,1,406
12,1122,Aiden Richards,Female,2,866
13,1123,Scarlet Simpson,Female,3,718
14,1124,Syeda Thompson,Female,4,376
15,1125,Carden Kelley,Male,5,163
16,1126,Eoin Miller,Male,1,406
17,1127,Ever Blaese,Male,2,866
18,1128,Violet Bailey,Female,3,718
19,1129,Amanda Ford,Female,4,376
20,1130,Freya Stone,Female,5,163
21,1112,Lou Garcia,Male,5,163
22,1113,Melissa Armstrong,Female,6,783
23,1114,Taylor Graham,Female,7,402
24,1123,Scarlet Simpson,Female,8,353
25,1124,Syeda Thompson,Female,9,173
26,1125,Carden Kelley,Male,10,659
27,1118,Josie Young,Female,5,163
28,1114,Taylor Graham,Female,6,783
29,1115,Rosie Jimenez,Female,7,402
30,1116,Somerton O'Sullivan,Male,8,353
31,1117,Geralt Cook,Male,9,173
32,1124,Syeda Thompson,Female,10,659
33,1125,Carden Kelley,Male,5,163
34,1126,Eoin Miller,Male,6,783
35,1127,Ever Blaese,Male,7,402
36,1130,Freya Stone,Female,8,353
37,1112,Lou Garcia,Male,9,173
38,1113,Melissa Armstrong,Female,10,659
39,1114,Taylor Graham,Female,5,163
40,1115,Rosie Jimenez,Female,6,783
41,1116,Somerton O'Sullivan,Male,7,402
42,1117,Geralt Cook,Male,8,353
43,1130,Freya Stone,Female,9,173
44,1123,Scarlet Simpson,Female,10,659
45,1114,Taylor Graham,Female,5,163
46,1115,Rosie Jimenez,Female,6,783
47,1116,Somerton O'Sullivan,Male,7,402
48,1117,Geralt Cook,Male,8,353
49,1124,Syeda Thompson,Female,9,173
50,1111,Aiden Powell,Male,10,659